<configuration>

    <property name="HOME_LOG" value="D:\Studying\spring-bot-demo\sping-currency-bot\app.log"/>

    <appender name="FILE-ROLLING" class="ch.qos.logback.core.rolling.RollingFileAppender">
        <file>${HOME_LOG}</file>

        <rollingPolicy class="ch.qos.logback.core.rolling.SizeAndTimeBasedRollingPolicy">
            <fileNamePattern>D:\Studying\spring-bot-demo\spring-bot-demo\/app.%d{yyyy-MM-dd}.%i.log.gz</fileNamePattern>
            <!-- each archived file, size max 10MB -->
            <maxFileSize>10MB</maxFileSize>
            <!-- total size of all archive files, if total size > 20GB, it will delete old archived file -->
            <totalSizeCap>1GB</totalSizeCap>
            <!-- 60 days to keep -->
            <maxHistory>60</maxHistory>
        </rollingPolicy>

        <encoder>
            <pattern>%d %p %c{1.} [%t] %m%n</pattern>
        </encoder>
    </appender>

    <logger name="io.proj3ct.TelegramCurrencyBot" level="debug" additivity="false">
        <appender-ref ref="FILE-ROLLING"/>
    </logger>

    <root level="error">
        <appender-ref ref="FILE-ROLLING"/>
    </root>

    <root level="info">
        <appender-ref ref="FILE-ROLLING"/>
    </root>

</configuration>